﻿<?xml version="1.0" encoding="UTF-8" standalone="yes"?>
<addon id="plugin.video.k.doc" name="K DOC" version="1.0" provider-name="KODIAZOR">
  <requires>
    <import addon="xbmc.python" version="2.1.0"/>
    <import addon="script.module.addon.common" version="2.0.0"/>
    <import addon="plugin.video.youtube"/>
  </requires>
	
  <extension point="xbmc.python.pluginsource" library="default.py">
    <provides>video</provides>
  </extension>
	
  <extension point="xbmc.addon.metadata">
    <summary lang="en">Documentary addon</summary>
    <description lang="en">Documentarios legendados ou dobrados em [PT] e [BR] com qualidade HD.
Toda a fonte  vem de utilizadores do Youtube. Addon criado pela Kodiazor Team.</description>
    <platform>all</platform>
    <forum></forum>
    <website></website>
  </extension>
</addon>
