<?xml version="1.0" encoding="UTF-8" standalone="yes"?>
<addon id="repository.flechanegra" name="[B][COLOR red]Flecha Negra [COLOR red]repository[/B][/COLOR]" version="1.2" provider-name="Flecha Negra">
	<extension point="xbmc.addon.repository" name="[B][COLOR red]Flecha Negra [COLOR red]repositorio[/B][/COLOR]">
		    <info compressed="false">https://raw.githubusercontent.com/flechanegra/flechanegra.github.io/master/addons.xml</info>
		    <checksum>https://raw.githubusercontent.com/flechanegra/flechanegra.github.io/master/addons.xml.md5</checksum>
		    <datadir zip="true">https://raw.githubusercontent.com/flechanegra/flechanegra.github.io/master</datadir>
	</extension>
	<extension point="xbmc.addon.metadata">
		<summary>repositorysitorio Flecha Negra</summary>
		<description>repositorysitorio oficial Flecha Negra - Proibido reproducao sem previa autorizacao</description>
		<disclaimer></disclaimer>
		<platform>all</platform>
		<news>[I]v1.2[/I][CR]- Suporte para uma Skin!</news>
	</extension>
</addon>