<?xml version="1.0" encoding="UTF-8" standalone="yes"?>
<addon id="plugin.video.live.sportslounge"
       name="[COLORred]Spo[/COLOR][COLORblack]rts[/COLOR][COLORlightblue]Lo[/COLOR][COLORwhite]un[/COLOR][COLORmaroon]ge[/COLOR]"
       version="2.8.2"
       provider-name="[COLORred]FLECHA[/COLOR][COLORblack]NEGRA[/COLOR]/[COLORlightblue]THE BEST[/COLOR][COLORwhite]TEAM[/COLOR][COLORmaroon]EVER[/COLOR]">
  <requires>
    <import addon="xbmc.python" version="2.1.0"/>
    <import addon="script.module.beautifulsoup" version="3.2.1"/>
    <import addon="script.module.simple.downloader" version="0.9.4"/>
    <import addon="script.module.beautifulsoup4" />
    <import addon="script.module.requests" />
    <import addon="script.module.httplib2" />
    <import addon="script.module.liveresolver" version="0.1.24" optional="true"/>
    <import addon="script.module.youtube.dl" optional="true"/>
    <import addon="plugin.video.youtube" optional="true" />
    <import addon="script.module.urlresolver" optional="true"/>
    <import addon="script.module.simplejson" />    
     <import addon="script.module.livestreamer" optional="true"/>
     <import addon="script.module.pyamf" optional="true"/>
  </requires>
  <extension point="xbmc.python.pluginsource" library="default.py">
    <provides>video</provides>
  </extension>
  <extension point="xbmc.addon.metadata">
    <summary>SportsLounge</summary>
    <summary lang="en">[COLOR yellow][B]SportsLounge[/B][/COLOR]</summary>
    <description lang="en">[COLOR yellow][B]SportsLounge[/B][/COLOR]</description>
    <platform>all</platform>
  </extension>
</addon>
