<?xml version="1.0" encoding="UTF-8" standalone="yes"?>
<addon id="plugin.video.blackarrow.codes" name="[COLOR red][B]blackarrow[/B][/COLOR] [COLOR black][B]codes[/B][/COLOR]" version="0.2" provider-name="Flechanegra">
  <requires>
    <import addon="xbmc.python" version="2.1.0"/>
	<import addon="script.module.addon.common" />
  </requires>
  <extension point="xbmc.python.pluginsource" library="init.py">
        <provides>video executable</provides>
  </extension>
  <extension point="xbmc.addon.metadata">
    <summary lang="en">blackarrow-Codes </summary>
    <website>http://www.xtream-codes.com/</website>
    <description lang="en">Addon for blackarrow-Codes </description>
    <forum>http://www.xtream-codes.com/forum</forum>
    <email></email>
    <disclaimer lang="en">You may use and share this addon however you like, you may NOT edit this addon in any way without conesnt of developer. Skype:MikkM</disclaimer>
    <platform>all</platform>
  </extension>
</addon>
