<?xml version="1.0" encoding="UTF-8" standalone="yes"?>
<addon id="plugin.video.blackarrowplaylist" name="blackarrow" version="1.2" provider-name="Flechanegra">
  <requires>
    <import addon="xbmc.python" version="2.1.0"/>
    <import addon="script.module.requests" version="2.9.1"/>
  </requires>
  <extension point="xbmc.python.pluginsource" library="default.py">
        <provides>video</provides>
  </extension>
  <extension point="xbmc.addon.metadata">
    <summary lang="en">blackarrowplaylist</summary>
    <summary lang="he">blackarrowplaylist</summary>
    <description lang="en">blackarrowplaylist</description>
    <description lang="he">blackarrowplaylist</description>
    <platform>all</platform>
	
</extension>
  <extension point="xbmc.addon.metadata">
    <summary lang="en">[COLOR red][B]Blackarrow[/B][/COLOR] [COLOR black][B]playlist[/B][/COLOR] [COLORorange][B]é um addon da familia Flecha Negra Team.TODOS OS LINKS ESTÃO DISPONIVEIS NA INTERNET![/B][/COLOR]</summary>
    <description lang="en">[COLOR red][B]Blackarrow[/B][/COLOR] [COLOR black][B]playlist[/B][/COLOR] [COLORorange][B]é um addon da familia Flecha Negra Team.TODOS OS LINKS ESTÃO DISPONIVEIS NA INTERNET![/B][/COLOR]</description>
    <platform>all</platform>
  </extension>
</addon>