<?xml version="1.0" encoding="UTF-8" standalone="yes"?>
<addon id="plugin.video.xtream-codes" name="[COLORred]Flecha Negra[/COLOR]-[COLORblack]Codes IPTV[/COLOR]" version="2.2" provider-name="Flecha Negra">
  <requires>
    <import addon="xbmc.python" version="2.1.0"/>
	<import addon="script.module.addon.common" />
  </requires>
  <extension point="xbmc.python.pluginsource" library="init.py">
        <provides>video executable</provides>
  </extension>
  <extension point="xbmc.addon.metadata">
    <summary lang="en">Flecha Negra-Codes IPTV</summary>
    <description></description>
    <forum>http://www.xtream-codes.com/forum</forum>
    <email></email>
    <disclaimer></disclaimer>
    <platform>all</platform>
  </extension>
</addon>
