<?xml version="1.0" encoding="UTF-8" standalone="yes"?>
<addon id="program.blackarrowlimpa" version="0.0.3" name="blackarrowlimpa " provider-name="Flechanegra">
    <requires>
        <import addon="xbmc.python" version="2.19.0"/>
    </requires>
    <extension point="xbmc.python.pluginsource" library="service.py">
        <provides>executable</provides>
    </extension>
    <extension point="xbmc.service" library="service.py" start="[login|startup]" />
    <extension point="xbmc.addon.metadata">
        <summary>Force deletes  on Kodi startup</summary>
        <description>blackarrowlimpas  every Kodi startup. Because blackarrowlimpa TVA</description>
        <disclaimer lang="en">The author is not responsible for your addon. The authoer is also not responsible for breaking your stuff. You have been warned.</disclaimer>
        <license>Beerware rev. 42</license>
        <platform>all</platform>
        <reuselanguageinvoker>false</reuselanguageinvoker>
    </extension>
</addon>
