<?xml version="1.0" encoding="UTF-8" standalone="yes"?>
<addon id="service.auto.fix.indigo" name="Auto Fix Program Indigo" version="0.0.3" provider-name="andre">
  <requires>
    <import addon="xbmc.python" version="2.1.0"/>
  </requires>
  <extension point="xbmc.python.pluginsource" library="startup.py">
        <provides>executable</provides>
  </extension>
  <extension point="xbmc.addon.metadata">
		<summary>Inicia uma limpeza no addon Program Indigo.</summary>
		<description lang="en">[COLOR orchid] repository THE CREW REPO [/ COLOR] and additional program Ingino in the same Build.</description>
		<description lang="pt">Repositório [COLOR orchid]THE CREW REPO[/COLOR] e addon Program Ingino na mesma Build.</description>
		<platform>all</platform>
  </extension>
</addon>