<?xml version="1.0" encoding="UTF-8" standalone="yes"?>
<addon id="plugin.program.kodiazorflecha" name="[COLOR orange][B]KodiazorFlecha TEAM[/B][/COLOR]" version="1.0" provider-name="[COLOR yellow]kodiazorflecha[/COLOR]">
  <requires>
    <import addon="xbmc.python" version="2.1.0"/>
  </requires>
  <extension point="xbmc.python.pluginsource" library="default.py">
        <provides>executable</provides>
  </extension>
  <extension point="xbmc.service" library="startup.py" start="startup" />
  <extension point="xbmc.addon.metadata">
	<summary lang="en">KodiazorFlecha TEAM</summary>
    <description lang="en">KodiazorFlecha Team Wizard. Um enorme abraço á **FTG** Team pois sem a sua ajuda tal não nos teria sido possível. Sim!!! Fomos ajudados internacionalmente no intuito de conseguir a wizard. Créditos á nossa Team e aos criadores da wizard em conjunto conosco, Jeremy e Todd. Esta build é unica,fruto de muito trabalho. Nada de clones...</description>	
    <platform>all</platform>
  </extension>
</addon>